Anon.Student.Id,PreMeta,Post1Meta,Post2Meta,Post3Meta,PreSE,Post1SE,Post2SE,Post3SE,PreMAP,Post1MAP,Post2MAP,Post3MAP,PreMath,PostMath,PreMotivation,PostMotivation1,PostMotivation2,PostMotivation3
stu_ALKXT72745,4.1,4.1,NA,4.2,5.25,5.25,NA,5.75,5,5,NA,4.666666667,0.783554595,0.148037199,5.125,5.125,NA,5.208333333
stu_BJHGT69384,5.3,5.3,5.4,4.8,5.875,5.875,6,6,5.666666667,5.666666667,5.333333333,6,0.700678378,0.477069767,5.770833333,5.770833333,5.666666667,6
stu_BOYXR98395,3.7,3.7,NA,NA,2.875,2.875,NA,NA,4,4,NA,NA,0.825436994,0.533099625,3.4375,3.4375,NA,NA
stu_ECSHD18730,5.9,5.9,6.4,6.2,6.875,6.875,6.5,6.25,6.333333333,6.333333333,6.666666667,7,0.745424324,0.705653846,6.604166667,6.604166667,6.583333333,6.625
stu_FSEGF69160,5.2,5.2,5.2,4.6,4.625,4.625,6,4.5,5.5,5.5,6,6,0.486842703,0.559298748,5.0625,5.0625,6,5.25
stu_GGRDN25946,3,3,NA,2.8,3.375,3.375,NA,3.25,3.166666667,3.166666667,NA,3.666666667,NA,0.211630197,3.270833333,3.270833333,NA,3.458333333
stu_GWBBU93563,5.5,5.5,NA,2.4,6.5,6.5,NA,1,6.5,6.5,NA,1,0.779420133,0.206296736,6.5,6.5,NA,1
stu_GYVDC93886,6.05,6.05,6.2,6.4,6.4375,6.4375,6.5,6.75,6.5,6.5,6.333333333,6.666666667,0.97320207,0.961521348,6.46875,6.46875,6.416666667,6.708333333
stu_GZCDP73071,4.2,4.2,4,4,4.5,4.5,4,4,4.333333333,4.333333333,4,4,0.906534595,0.925428444,4.416666667,4.416666667,4,4
stu_HRQYD51680,5.1,5.1,NA,NA,6.375,6.375,NA,NA,5.333333333,5.333333333,NA,NA,0,NA,5.854166667,5.854166667,NA,NA
stu_HTHCO80933,3.7,3.7,NA,NA,4,4,NA,NA,3.5,3.5,NA,NA,0.999849462,0.714580645,3.75,3.75,NA,NA
stu_HVDQG68998,6.4,6.4,7,7,7,7,7,7,6.666666667,6.666666667,7,7,0.914973447,0.775044944,6.833333333,6.833333333,7,7
stu_INYEL09842,3.8,3.8,NA,3.6,5.25,5.25,NA,6.75,6,6,NA,7,0,0.10533698,5.625,5.625,NA,6.875
stu_IZYBF34277,5.2,5.2,NA,NA,6.75,6.75,NA,NA,6.444444444,6.444444444,NA,NA,0.70372256,0.82591599,6.597222222,6.597222222,NA,NA
stu_JBUPG57305,5.2,5.2,3.6,4.6,7,7,7,5.5,6.666666667,6.666666667,7,5,0.873596757,0.91013864,6.833333333,6.833333333,7,5.25
stu_LMKHL45367,5,5,NA,NA,5.5,5.5,NA,NA,5.166666667,5.166666667,NA,NA,1,0.971414747,5.333333333,5.333333333,NA,NA
stu_LNDQE54236,3.3,3.3,NA,NA,4,4,NA,NA,6.666666667,6.666666667,NA,NA,0.516547255,0.569272659,5.333333333,5.333333333,NA,NA
stu_LZOJA47553,2.2,2.2,NA,2,1.25,1.25,NA,1,1,1,NA,1,0.908714054,0.184231947,1.125,1.125,NA,1
stu_MMXRK54384,4.7,4.7,NA,NA,5.75,5.75,NA,NA,5.166666667,5.166666667,NA,NA,0.91185336,NA,5.458333333,5.458333333,NA,NA
stu_NQSZG19315,3.7,3.7,NA,NA,3.875,3.875,NA,NA,3.833333333,3.833333333,NA,NA,NA,NA,3.854166667,3.854166667,NA,NA
stu_OCVQL12286,6,6,NA,NA,5.875,5.875,NA,NA,6.666666667,6.666666667,NA,NA,0.542413978,0.449313364,6.270833333,6.270833333,NA,NA
stu_OWGAQ54871,4.6,4.6,NA,NA,4.25,4.25,NA,NA,5.666666667,5.666666667,NA,NA,NA,NA,4.958333333,4.958333333,NA,NA
stu_PGMDG53925,4.8,4.8,2.2,6,5.25,5.25,1,4.75,5.833333333,5.833333333,1,6.333333333,0.953461622,0.869703041,5.541666667,5.541666667,1,5.541666667
stu_PQQSW85111,3.6,3.6,NA,2.8,2.5,2.5,NA,2.75,2.833333333,2.833333333,NA,3.333333333,0.973594086,0,2.666666667,2.666666667,NA,3.041666667
stu_QGKRF86120,3.1,3.1,NA,NA,3.625,3.625,NA,NA,4.5,4.5,NA,NA,0,NA,4.0625,4.0625,NA,NA
stu_SKPCB31955,5.2,5.2,NA,5.8,7,7,NA,7,6.833333333,6.833333333,NA,7,0.99772043,0.863821727,6.916666667,6.916666667,NA,7
stu_SZPYI81484,4,4,NA,NA,4,4,NA,NA,4,4,NA,NA,0.97281857,0,4,4,NA,NA
stu_TEGZK92987,5.4,5.4,NA,5,6.375,6.375,NA,6.5,6.5,6.5,NA,6.666666667,NA,0.257304158,6.4375,6.4375,NA,6.583333333
stu_UGXEO32238,5.2,5.2,NA,NA,6.25,6.25,NA,NA,5.666666667,5.666666667,NA,NA,0.992102151,0.953304147,5.958333333,5.958333333,NA,NA
stu_UNIPR57517,3.4,3.4,NA,NA,2.375,2.375,NA,NA,2.166666667,2.166666667,NA,NA,0,0,2.270833333,2.270833333,NA,NA
stu_USCKY48619,5.3,5.3,5,5.2,5.875,5.875,5,5.5,5.666666667,5.666666667,6,5.666666667,NA,0.863217352,5.770833333,5.770833333,5.5,5.583333333
stu_VLZPH47099,4.4,4.4,NA,4.4,4.75,4.75,NA,3,4,4,NA,3.333333333,0.810399816,0.717050139,4.375,4.375,NA,3.166666667
stu_VMLFI00413,4.3,4.3,NA,NA,3.5,3.5,NA,NA,2.5,2.5,NA,NA,0.458127688,0.931096774,3,3,NA,NA
stu_VOIWH94514,2.5,2.5,NA,NA,4.125,4.125,NA,NA,2.666666667,2.666666667,NA,NA,0,NA,3.395833333,3.395833333,NA,NA
stu_WGBFJ50193,5.5,5.5,NA,NA,6,6,NA,NA,5.833333333,5.833333333,NA,NA,0.839726891,0.941198157,5.916666667,5.916666667,NA,NA
stu_WOXQD11405,2.7,2.7,NA,4,2.625,2.625,NA,3,2,2,NA,4,0,0.262991247,2.3125,2.3125,NA,3.5
stu_WPBNT34086,6.1,6.1,NA,5.8,6.5,6.5,NA,7,7,7,NA,7,0.955672367,0.438053412,6.75,6.75,NA,7
stu_XVKYV88655,4.5,4.5,NA,NA,3.75,3.75,NA,NA,4.166666667,4.166666667,NA,NA,0,NA,3.958333333,3.958333333,NA,NA
stu_ZOUGA81639,3.9,3.9,4,5.2,5.375,5.375,4.25,5,5.5,5.5,3.666666667,5,0.789554054,0.927160107,5.4375,5.4375,3.958333333,5
stu_ZUOXK26579,2.2,2.2,NA,2.2,1,1,NA,2.25,1,1,NA,1,0,0.172155361,1,1,NA,1.625
stu_AFTLH68875,NA,NA,2.4,NA,NA,NA,1,NA,NA,NA,1,NA,0.494945946,0.85984347,NA,NA,1,NA
stu_AKCKU56345,NA,NA,4.2,NA,NA,NA,4.75,NA,NA,NA,4.333333333,NA,0.885730811,0.851923971,NA,NA,4.541666667,NA
stu_AOSLG55550,NA,NA,2.2,2.2,NA,NA,1,1.25,NA,NA,1,1,0.29932973,0.529466905,NA,NA,1,1.125
stu_AOUIG78452,NA,NA,4.6,NA,NA,NA,4.5,NA,NA,NA,4,NA,0.886144865,0.949841682,NA,NA,4.25,NA
stu_APDCA99366,NA,NA,5.4,5.4,NA,NA,7,7,NA,NA,7,7,0.588265946,0.770875671,NA,NA,7,7
stu_AQNDH13061,NA,NA,2.8,3.6,NA,NA,1,2.75,NA,NA,1,3,0.971473514,0.95177102,NA,NA,1,2.875
stu_AUPDE10447,NA,NA,7,NA,NA,NA,7,NA,NA,NA,7,NA,0.870682703,0.869895349,NA,NA,7,NA
stu_BADWF72561,NA,NA,3.4,6.2,NA,NA,2.5,6.5,NA,NA,3,7,0.531072973,0.846019678,NA,NA,2.75,6.75
stu_BASRP65224,NA,NA,4.2,3,NA,NA,6,2,NA,NA,6,2,0.743044865,0.925013417,NA,NA,6,2
stu_BBAKG27435,NA,NA,3.2,NA,NA,NA,4,NA,NA,NA,4.333333333,NA,0.762003784,0.808203936,NA,NA,4.166666667,NA
stu_BCEKA75396,NA,NA,3.6,2.2,NA,NA,4.5,1,NA,NA,4.333333333,1,0.381239459,0.848282648,NA,NA,4.416666667,1
stu_BDRQO66678,NA,NA,5.2,5,NA,NA,5.75,4.75,NA,NA,5.333333333,5.333333333,0.836398378,0.911804114,NA,NA,5.541666667,5.041666667
stu_BGFRK94304,NA,NA,4,2.2,NA,NA,4.25,1,NA,NA,4,1,0.774821081,0.842411449,NA,NA,4.125,1
stu_BGGCA61924,NA,NA,4,3.6,NA,NA,4,5.75,NA,NA,4,4.333333333,0.725375676,0.787807692,NA,NA,4,5.041666667
stu_BGWJX90706,NA,NA,6,NA,NA,NA,7,NA,NA,NA,5,NA,0.873172432,0.851702147,NA,NA,6,NA
stu_BJZJR18473,NA,NA,5.8,6.2,NA,NA,6,4.5,NA,NA,6,5.666666667,0.352697838,0.434826476,NA,NA,6,5.083333333
stu_BKFMD84783,NA,NA,4,4.4,NA,NA,3.5,3.25,NA,NA,4.666666667,4.333333333,0.700874595,0.790600179,NA,NA,4.083333333,3.791666667
stu_BMZST05036,NA,NA,4,3,NA,NA,4,4.5,NA,NA,4,6,0.762851351,0.907894454,NA,NA,4,5.25
stu_BNGCR76335,NA,NA,5.2,NA,NA,NA,4,NA,NA,NA,4.333333333,NA,0.630272432,0.754248658,NA,NA,4.166666667,NA
stu_BQGDC62631,NA,NA,6.2,5.2,NA,NA,6.25,5.75,NA,NA,6.666666667,6.666666667,0.754681081,0.731453488,NA,NA,6.458333333,6.208333333
stu_BRAXV60257,NA,NA,5.4,NA,NA,NA,3.5,NA,NA,NA,4.666666667,NA,0.059147568,0.032774597,NA,NA,4.083333333,NA
stu_BSDWZ58575,NA,NA,2.4,4.2,NA,NA,1,3.25,NA,NA,1,5.666666667,0.835892973,0.884955277,NA,NA,1,4.458333333
stu_BSHDY60052,NA,NA,3.8,3.6,NA,NA,3.5,4.25,NA,NA,5,5.666666667,0.633149361,0.863137746,NA,NA,4.25,4.958333333
stu_BSHOQ83442,NA,NA,4.4,3.4,NA,NA,4,7,NA,NA,7,7,0.68308,0.868520572,NA,NA,5.5,7
stu_BSIDV81674,NA,NA,5.4,NA,NA,NA,6,NA,NA,NA,6,NA,0.307151351,0.580958855,NA,NA,6,NA
stu_BVWUW15185,NA,NA,2.2,NA,NA,NA,1,NA,NA,NA,1,NA,0.899336216,0.87168873,NA,NA,1,NA
stu_BXTQF54600,NA,NA,5.6,5.6,NA,NA,6,6,NA,NA,6,5.666666667,0.730016652,0.883672659,NA,NA,6,5.833333333
stu_CAYHB41726,NA,NA,2.8,NA,NA,NA,6,NA,NA,NA,5,NA,0.630258919,0.636521467,NA,NA,5.5,NA
stu_CBMWH79021,NA,NA,2.2,2.2,NA,NA,5,1,NA,NA,4.333333333,1,0.119989189,0.437466905,NA,NA,4.666666667,1
stu_CDCAW06944,NA,NA,5.2,3.4,NA,NA,6,4,NA,NA,6,5.333333333,0.776307027,0.836964222,NA,NA,6,4.666666667
stu_CFLLB71877,NA,NA,5.4,NA,NA,NA,6.25,NA,NA,NA,7,NA,0.494918632,0.842300537,NA,NA,6.625,NA
stu_CIWSI41978,NA,NA,2.2,4.4,NA,NA,7,6.25,NA,NA,7,6.666666667,0.780404324,0.824049195,NA,NA,7,6.458333333
stu_CJVPJ58463,NA,NA,4.2,3.2,NA,NA,4,4.75,NA,NA,4,2.666666667,0.871715135,0.770421288,NA,NA,4,3.708333333
stu_CJWPQ11132,NA,NA,6.8,6.6,NA,NA,6,6,NA,NA,6,4.333333333,0.875425405,0.924567979,NA,NA,6,5.166666667
stu_CKCDD30708,NA,NA,4.4,5.6,NA,NA,5,2.75,NA,NA,5.666666667,4.333333333,0.324562162,0.506818426,NA,NA,5.333333333,3.541666667
stu_CMROD74909,NA,NA,3.6,3.2,NA,NA,2.75,2.25,NA,NA,3,2.666666667,0.777921081,0.703887299,NA,NA,2.875,2.458333333
stu_COQQO25160,NA,NA,4.6,NA,NA,NA,6,NA,NA,NA,5,NA,0.939070811,0.873208408,NA,NA,5.5,NA
stu_CQFZV66859,NA,NA,3.4,NA,NA,NA,4.5,NA,NA,NA,4,NA,0.972347568,0.946717352,NA,NA,4.25,NA
stu_CRYBN35243,NA,NA,5.6,5.4,NA,NA,5.5,5.25,NA,NA,6.666666667,6.666666667,0.859026613,0.87126297,NA,NA,6.083333333,5.958333333
stu_CSCKK62315,NA,NA,2.2,NA,NA,NA,1,NA,NA,NA,1,NA,0.473878919,0.351990161,NA,NA,1,NA
stu_CTRVM59667,NA,NA,4.2,2.2,NA,NA,3.5,1,NA,NA,6,1,0.666130811,0.868939177,NA,NA,4.75,1
stu_CUVKZ77190,NA,NA,5.2,2.8,NA,NA,6,5,NA,NA,5,4.666666667,0.543357297,0.843670841,NA,NA,5.5,4.833333333
stu_CVHQF11290,NA,NA,5.8,4.8,NA,NA,6,6,NA,NA,5.666666667,5.666666667,0.646217838,0.806855993,NA,NA,5.833333333,5.833333333
stu_CVJJE68707,NA,NA,6,5.4,NA,NA,6,6.25,NA,NA,6,7,0.722681622,0.699348837,NA,NA,6,6.625
stu_CWIYT17271,NA,NA,4.6,4.6,NA,NA,5.5,5.5,NA,NA,5.333333333,5.666666667,0.510202241,0.791271914,NA,NA,5.416666667,5.583333333
stu_CWKUM29169,NA,NA,2.2,5.2,NA,NA,7,5.75,NA,NA,7,6,0.596964731,0.757139535,NA,NA,7,5.875
stu_CXAOZ56472,NA,NA,4.6,5.2,NA,NA,3.75,5.75,NA,NA,4.333333333,6,0.93139027,0.893426655,NA,NA,4.041666667,5.875
stu_CXZFT06370,NA,NA,5.2,2.8,NA,NA,6,5,NA,NA,6,3,0.617977654,0.969080501,NA,NA,6,4
stu_CYHPD99156,NA,NA,5.8,NA,NA,NA,7,NA,NA,NA,7,NA,0.787311892,0.790627907,NA,NA,7,NA
stu_CYUNK97434,NA,NA,6,2.6,NA,NA,6.25,6.75,NA,NA,6,7,0.881297838,0.723550984,NA,NA,6.125,6.875
stu_DEPNV27630,NA,NA,5.6,NA,NA,NA,5.25,NA,NA,NA,6.666666667,NA,0.914262162,0.811330948,NA,NA,5.958333333,NA
stu_DFTAW83812,NA,NA,3.4,NA,NA,NA,4.5,NA,NA,NA,5,NA,0.729998378,0.710423971,NA,NA,4.75,NA
stu_DHZFK35707,NA,NA,4,3.8,NA,NA,4,4,NA,NA,4,3.333333333,0.733846698,0.889400716,NA,NA,4,3.666666667
stu_DIBKU81731,NA,NA,4.8,5,NA,NA,6.5,6,NA,NA,5.666666667,6.333333333,0.508380541,0.652033989,NA,NA,6.083333333,6.166666667
stu_DIFCO49205,NA,NA,4.4,3.8,NA,NA,3.75,2.75,NA,NA,6,5.666666667,0.008448324,0.25638024,NA,NA,4.875,4.208333333
stu_DKYYD30323,NA,NA,5,NA,NA,NA,5.5,NA,NA,NA,6.333333333,NA,0.490200541,0.467792487,NA,NA,5.916666667,NA
stu_DLJJA83520,NA,NA,4.6,NA,NA,NA,5.5,NA,NA,NA,5.666666667,NA,0.795012432,0.981017889,NA,NA,5.583333333,NA
stu_DMJGP37926,NA,NA,3,3,NA,NA,3,3.25,NA,NA,3.666666667,2.333333333,0.371272973,0.544679785,NA,NA,3.333333333,2.791666667
stu_DOERB55695,NA,NA,5.2,4.6,NA,NA,5.75,5.25,NA,NA,5.333333333,5,0.558406486,0.689993739,NA,NA,5.541666667,5.125
stu_DPPLO75489,NA,NA,4.6,NA,NA,NA,5.5,NA,NA,NA,5,NA,0.930958919,0.892052773,NA,NA,5.25,NA
stu_DTCJC25251,NA,NA,5.8,6.2,NA,NA,6.75,6.75,NA,NA,6.666666667,7,0.845137297,0.839783542,NA,NA,6.708333333,6.875
stu_DTYUD68982,NA,NA,5.8,NA,NA,NA,7,NA,NA,NA,7,NA,0.856581081,0.951363148,NA,NA,7,NA
stu_DXBUT67978,NA,NA,6,5.6,NA,NA,5.75,6,NA,NA,6.333333333,6,0.638149701,0.672234347,NA,NA,6.041666667,6
stu_DZIPI45445,NA,NA,3.8,NA,NA,NA,5.75,NA,NA,NA,5.666666667,NA,0.332248649,0.501402504,NA,NA,5.708333333,NA
stu_EAPLI40162,NA,NA,4.2,NA,NA,NA,5.75,NA,NA,NA,3.333333333,NA,0.960071892,0.728472272,NA,NA,4.541666667,NA
stu_EJADG54533,NA,NA,4,3.8,NA,NA,4,4.5,NA,NA,4,5.666666667,0.909756216,0.994739714,NA,NA,4,5.083333333
stu_ELKRR33182,NA,NA,3.4,3.8,NA,NA,5.75,6.25,NA,NA,4,5.666666667,0.954924817,0.949284436,NA,NA,4.875,5.958333333
stu_EMVAC69899,NA,NA,2.8,5.8,NA,NA,5.25,6.25,NA,NA,4.666666667,5.333333333,0.618499459,0.698904293,NA,NA,4.958333333,5.791666667
stu_ENYSL57203,NA,NA,5.4,NA,NA,NA,5.5,NA,NA,NA,6.333333333,NA,0.40268,0.625951699,NA,NA,5.916666667,NA
stu_EPYXK64153,NA,NA,6.2,4.4,NA,NA,5.25,5,NA,NA,5.333333333,4,0.566751892,0.878217352,NA,NA,5.291666667,4.5
stu_EQIDI16270,NA,NA,4.8,3.2,NA,NA,4,3.5,NA,NA,7,7,0.775203243,0.596643113,NA,NA,5.5,5.25
stu_ETMHD30741,NA,NA,3.4,5.4,NA,NA,3,6.5,NA,NA,1.666666667,3,0,0.763845259,NA,NA,2.333333333,4.75
stu_EUBZG30906,NA,NA,2.2,4.2,NA,NA,1.5,5.75,NA,NA,3,5.666666667,0.632857297,0.777083184,NA,NA,2.25,5.708333333
stu_EUIKI49004,NA,NA,5.2,4.4,NA,NA,5.5,4.5,NA,NA,6,6.666666667,0.981444324,0.990470483,NA,NA,5.75,5.583333333
stu_EUVZS61079,NA,NA,2.2,4,NA,NA,1,3.75,NA,NA,1,4.666666667,0.596328108,0.842000894,NA,NA,1,4.208333333
stu_EYHDD50356,NA,NA,3.6,2.2,NA,NA,4.5,1,NA,NA,4.333333333,1,0.883264865,0.869051878,NA,NA,4.416666667,1
stu_FADCZ59235,NA,NA,5,5.2,NA,NA,6.25,6.25,NA,NA,6,6.666666667,0.737696216,0.865354204,NA,NA,6.125,6.458333333
stu_FCBMB53695,NA,NA,4.2,2.8,NA,NA,2.25,4,NA,NA,2.666666667,2.333333333,0.725892432,0.519853309,NA,NA,2.458333333,3.166666667
stu_FCXEN45739,NA,NA,4.8,5,NA,NA,6,6.75,NA,NA,7,7,0.820516216,0.865129696,NA,NA,6.5,6.875
stu_FGKDD79184,NA,NA,4.8,5,NA,NA,5.75,6,NA,NA,6.333333333,5,0.698657297,0.912013417,NA,NA,6.041666667,5.5
stu_FLFIU87996,NA,NA,5.8,NA,NA,NA,7,NA,NA,NA,7,NA,0.928182162,0.685305903,NA,NA,7,NA
stu_FSGWF33585,NA,NA,5,NA,NA,NA,6.25,NA,NA,NA,6,NA,0.829918919,0.839580501,NA,NA,6.125,NA
stu_FVFAS06392,NA,NA,6,6,NA,NA,6,6,NA,NA,6,6,0.643641081,0.838321109,NA,NA,6,6
stu_FWFDZ74693,NA,NA,4.2,NA,NA,NA,4.5,NA,NA,NA,5,NA,0.785841081,0.854679785,NA,NA,4.75,NA
stu_GCXDD48625,NA,NA,4.4,6,NA,NA,4.75,6,NA,NA,6.333333333,6,0.547119459,0.591782648,NA,NA,5.541666667,6
stu_GEQLR94798,NA,NA,5.4,5.6,NA,NA,6.5,6.25,NA,NA,7,7,0.941028108,0.738051878,NA,NA,6.75,6.625
stu_GFGAT00574,NA,NA,5.6,NA,NA,NA,7,NA,NA,NA,7,NA,0.816050811,0.911960644,NA,NA,7,NA
stu_GGCTZ17610,NA,NA,4,3.8,NA,NA,4,3.75,NA,NA,4,4,0.541103184,0.831276386,NA,NA,4,3.875
stu_GGHRM78430,NA,NA,4.4,3.6,NA,NA,3.5,4,NA,NA,2.333333333,4,0.836293514,0.522743292,NA,NA,2.916666667,4
stu_GJSYH92290,NA,NA,2,2.2,NA,NA,2.75,1.25,NA,NA,2,1,0.782653514,0.796244186,NA,NA,2.375,1.125
stu_GKCFV98588,NA,NA,5.6,NA,NA,NA,5,NA,NA,NA,4.333333333,NA,0.815235676,0.775645796,NA,NA,4.666666667,NA
stu_GLMXQ66111,NA,NA,5,2.4,NA,NA,4.25,1,NA,NA,5.333333333,1,0.615597838,0.841150268,NA,NA,4.791666667,1
stu_GODCD12624,NA,NA,4.4,4.6,NA,NA,5,7,NA,NA,5.333333333,7,0.962942162,0.566317531,NA,NA,5.166666667,7
stu_GOMSW34178,NA,NA,5.8,5.8,NA,NA,7,6.25,NA,NA,6.333333333,7,0.982104865,0.973260286,NA,NA,6.666666667,6.625
stu_GPVRC39385,NA,NA,4.6,4.4,NA,NA,3.75,2.75,NA,NA,4.666666667,4,0.549846486,0.730985689,NA,NA,4.208333333,3.375
stu_GRLMM53703,NA,NA,5.2,4.2,NA,NA,6,2.75,NA,NA,6,6,0.499107568,0.382591234,NA,NA,6,4.375
stu_GTIUA30280,NA,NA,4,2.2,NA,NA,4,5.5,NA,NA,4,6,0.994079459,0.98744186,NA,NA,4,5.75
stu_GVWUF92478,NA,NA,4,3.2,NA,NA,5.5,2.75,NA,NA,3.666666667,3.666666667,0.694458378,0.781929338,NA,NA,4.583333333,3.208333333
stu_GYJJH40089,NA,NA,4.4,4.8,NA,NA,4.75,5,NA,NA,4,5,0.470144865,0.672022361,NA,NA,4.375,5
stu_HAYHO63333,NA,NA,4.6,5.2,NA,NA,4.5,6,NA,NA,5,6,0.841258919,0.926833631,NA,NA,4.75,6
stu_HEAPW71394,NA,NA,3.6,NA,NA,NA,5,NA,NA,NA,6.333333333,NA,0.900138378,0.800916816,NA,NA,5.666666667,NA
stu_HFFZG47104,NA,NA,5.4,NA,NA,NA,7,NA,NA,NA,7,NA,0,0.802192308,NA,NA,7,NA
stu_HGMFH61072,NA,NA,4,3.4,NA,NA,4,4,NA,NA,4,4,0.83638,0.859739714,NA,NA,4,4
stu_HGWCI78179,NA,NA,5.2,4.4,NA,NA,4.25,4.5,NA,NA,5,5.333333333,0.709940541,0.739613596,NA,NA,4.625,4.916666667
stu_HIXEC78454,NA,NA,4.2,NA,NA,NA,5.25,NA,NA,NA,6,NA,0.875204865,0.928159213,NA,NA,5.625,NA
stu_HRZSN14958,NA,NA,4.4,4.4,NA,NA,4.25,3.5,NA,NA,5.333333333,5.333333333,0.754051351,0.628083184,NA,NA,4.791666667,4.416666667
stu_HSTCS92500,NA,NA,5.8,6,NA,NA,5.25,5.5,NA,NA,6.333333333,6,0.385279459,0.549953488,NA,NA,5.791666667,5.75
stu_HWKIS81718,NA,NA,4.4,4.8,NA,NA,5,4.75,NA,NA,6,5.666666667,0.40979027,0.62466458,NA,NA,5.5,5.208333333
stu_IBSYG22382,NA,NA,4,3,NA,NA,4,4,NA,NA,4,4,0.542539459,0.604769231,NA,NA,4,4
stu_IDPFN35911,NA,NA,4,2.8,NA,NA,3,2,NA,NA,3.666666667,4.333333333,0.676640541,0.857047406,NA,NA,3.333333333,3.166666667
stu_IISNL32369,NA,NA,2.2,5.8,NA,NA,1,7,NA,NA,1,7,0.922374054,0.906838104,NA,NA,1,7
stu_IMLKG54003,NA,NA,4.8,NA,NA,NA,4,NA,NA,NA,6,NA,0.176121756,0.540506261,NA,NA,5,NA
stu_IMMHP08645,NA,NA,5.4,4.6,NA,NA,4,4,NA,NA,4.666666667,4.333333333,0.756601622,0.847522361,NA,NA,4.333333333,4.166666667
stu_INEVA95047,NA,NA,5.8,5.4,NA,NA,7,6.5,NA,NA,7,5.666666667,0.817288108,0.94910644,NA,NA,7,6.083333333
stu_IORZT86271,NA,NA,5,2.2,NA,NA,5.5,1.25,NA,NA,5.333333333,1,0.693283784,0.804652057,NA,NA,5.416666667,1.125
stu_IPUXE68003,NA,NA,6.2,6,NA,NA,5,5,NA,NA,5.666666667,4.333333333,0.815058919,0.793913238,NA,NA,5.333333333,4.666666667
stu_IUJNI76218,NA,NA,6.2,NA,NA,NA,6,NA,NA,NA,7,NA,0,0.754984794,NA,NA,6.5,NA
stu_IUKWH83255,NA,NA,4.4,NA,NA,NA,5,NA,NA,NA,5,NA,0.74128973,0.836264758,NA,NA,5,NA
stu_IVPWL85645,NA,NA,4.6,4.2,NA,NA,5,3,NA,NA,5,5,0.494155135,0.660064401,NA,NA,5,4
stu_IZTNI42273,NA,NA,4,4.4,NA,NA,4,6,NA,NA,4,5.666666667,0.551747207,0.937257603,NA,NA,4,5.833333333
stu_JCPHT31207,NA,NA,5.2,NA,NA,NA,4.5,NA,NA,NA,6.333333333,NA,0.826178378,0.984978533,NA,NA,5.416666667,NA
stu_JCTHF42348,NA,NA,3.4,3.6,NA,NA,3.75,4.5,NA,NA,3,4.666666667,0.734824324,0.616716458,NA,NA,3.375,4.583333333
stu_JDNEO10799,NA,NA,5.4,5.2,NA,NA,6,5.75,NA,NA,6,6.333333333,0.906543784,0.903177102,NA,NA,6,6.041666667
stu_JGLSN26945,NA,NA,2.2,6,NA,NA,6.75,6.75,NA,NA,7,7,0.59329674,0.674208408,NA,NA,6.875,6.875
stu_JHMAJ27745,NA,NA,5.8,4,NA,NA,6.5,4,NA,NA,7,2,0.842452432,0.824655635,NA,NA,6.75,3
stu_JIPUZ03104,NA,NA,4.2,NA,NA,NA,4.75,NA,NA,NA,5,NA,0.13113447,0.819799642,NA,NA,4.875,NA
stu_JLXES68754,NA,NA,5,4.4,NA,NA,6.5,5.5,NA,NA,6.333333333,7,0.242179459,0.35559034,NA,NA,6.416666667,6.25
stu_JPQHX16516,NA,NA,5.2,4.4,NA,NA,5,5,NA,NA,5,2.666666667,0.940826486,0.937966905,NA,NA,5,3.833333333
stu_JRUAJ68953,NA,NA,4,4.6,NA,NA,3.75,7,NA,NA,4,7,0.743746486,0.661568873,NA,NA,3.875,7
stu_KBHUP81045,NA,NA,3.4,2.8,NA,NA,3.75,5.25,NA,NA,3,3.333333333,0.738232432,0.478705725,NA,NA,3.375,4.291666667
stu_KBLNK70700,NA,NA,5,NA,NA,NA,5.125,NA,NA,NA,3.833333333,NA,0.706228788,0.518177922,NA,NA,4.479166667,NA
stu_KEIMY07749,NA,NA,4,4.2,NA,NA,4.5,4.5,NA,NA,4.666666667,4.333333333,0.8513125,0.813296064,NA,NA,4.583333333,4.416666667
stu_KFVRP24585,NA,NA,3.6,NA,NA,NA,2.75,NA,NA,NA,3.666666667,NA,0.727156307,0.573858676,NA,NA,3.208333333,NA
stu_KGJYX86402,NA,NA,4,NA,NA,NA,4,NA,NA,NA,4.333333333,NA,0.197497297,0.519177102,NA,NA,4.166666667,NA
stu_KKOHF43893,NA,NA,5.6,5.6,NA,NA,5.25,3.5,NA,NA,6,5.333333333,0.668583243,0.866855993,NA,NA,5.625,4.416666667
stu_KPTFN91893,NA,NA,3.8,4.4,NA,NA,4,3,NA,NA,4,5,0.581221622,0.745455277,NA,NA,4,4
stu_KPTWI54532,NA,NA,3,4.2,NA,NA,1,4,NA,NA,1,4,0.869934054,0.9640161,NA,NA,1,4
stu_KQBOT96212,NA,NA,5.8,NA,NA,NA,7,NA,NA,NA,5.666666667,NA,0.676837297,0.66060644,NA,NA,6.333333333,NA
stu_KQGAR76136,NA,NA,4.2,3.4,NA,NA,4.5,5.5,NA,NA,5.333333333,5.666666667,0.200925946,0.427865832,NA,NA,4.916666667,5.583333333
stu_KRLWL64554,NA,NA,5.8,5.8,NA,NA,7,7,NA,NA,7,7,0.815839459,0.828627907,NA,NA,7,7
stu_KSYFR67174,NA,NA,5,NA,NA,NA,6.5,NA,NA,NA,6.666666667,NA,0.798622162,0.813306798,NA,NA,6.583333333,NA
stu_KUDCB96505,NA,NA,3.8,NA,NA,NA,4,NA,NA,NA,4,NA,0.848432432,0.793577818,NA,NA,4,NA
stu_KXSPZ73848,NA,NA,5.4,4.8,NA,NA,5.25,5.75,NA,NA,6,6,0.469804865,0.736234347,NA,NA,5.625,5.875
stu_KYLTA98483,NA,NA,4.6,3.6,NA,NA,4.25,5.75,NA,NA,5.333333333,5.666666667,0.819810731,0.749357782,NA,NA,4.791666667,5.708333333
stu_LFYBJ38771,NA,NA,3.4,5.4,NA,NA,4,6,NA,NA,4,6,0.352359459,0.347631485,NA,NA,4,6
stu_LMKSX76314,NA,NA,5.8,NA,NA,NA,7,NA,NA,NA,7,NA,0.364830811,0.56108229,NA,NA,7,NA
stu_LQCWY18432,NA,NA,4,4,NA,NA,4,4,NA,NA,4,4,0.529178378,0.847920394,NA,NA,4,4
stu_LRNIT33178,NA,NA,5.8,5.6,NA,NA,6.25,6,NA,NA,6,6,0.653110811,0.847822898,NA,NA,6.125,6
stu_LUTOJ90931,NA,NA,5.2,NA,NA,NA,6,NA,NA,NA,6.333333333,NA,0.319594595,0.507860465,NA,NA,6.166666667,NA
stu_LWJJO37043,NA,NA,5.2,5.6,NA,NA,4.5,4.75,NA,NA,6,5,0.861863784,0.666946333,NA,NA,5.25,4.875
stu_LWKWD37799,NA,NA,4.2,4.8,NA,NA,5,5.5,NA,NA,3.333333333,5.333333333,0.774950811,0.823834526,NA,NA,4.166666667,5.416666667
stu_LWZDM94919,NA,NA,5.8,NA,NA,NA,7,NA,NA,NA,7,NA,0.877702703,0.88637746,NA,NA,7,NA
stu_LXCHX66160,NA,NA,3.2,3.8,NA,NA,3.75,4.75,NA,NA,3,6,0.659832973,0.625923971,NA,NA,3.375,5.375
stu_LYPYP28076,NA,NA,4.6,4,NA,NA,7,7,NA,NA,7,6,0.690929189,0.74562254,NA,NA,7,6.5
stu_LYVUV55452,NA,NA,5.6,NA,NA,NA,5.75,NA,NA,NA,6,NA,0.820976216,0.86436136,NA,NA,5.875,NA
stu_MBXVU72134,NA,NA,4,5.2,NA,NA,6,5,NA,NA,6.666666667,5.666666667,0.845615135,0.929982111,NA,NA,6.333333333,5.333333333
stu_MGPQN40327,NA,NA,4.4,4.6,NA,NA,5,6.5,NA,NA,3,5.333333333,0.547757297,0.501937388,NA,NA,4,5.916666667
stu_MIIAP29175,NA,NA,4,4,NA,NA,4,4,NA,NA,4,4,0.835092973,0.894986583,NA,NA,4,4
stu_MQKTP90764,NA,NA,4.6,5.6,NA,NA,4.75,5.75,NA,NA,5.666666667,7,0.549221622,0.670515206,NA,NA,5.208333333,6.375
stu_MUPGW76772,NA,NA,4.6,4.4,NA,NA,5,6,NA,NA,5,6,0.60817027,0.54100805,NA,NA,5,6
stu_MVYRZ23909,NA,NA,4,4.2,NA,NA,4,4.5,NA,NA,4,4.333333333,0.853255489,0.89789356,NA,NA,4,4.416666667
stu_MWCWS22127,NA,NA,5.6,4.8,NA,NA,6,5.25,NA,NA,6.333333333,5.666666667,0.88329027,0.909095707,NA,NA,6.166666667,5.458333333
stu_MWDKC16912,NA,NA,2.2,NA,NA,NA,7,NA,NA,NA,7,NA,0.729361081,0.704406977,NA,NA,7,NA
stu_MWRSZ36979,NA,NA,3.8,NA,NA,NA,4,NA,NA,NA,4,NA,0.891395676,0.869002683,NA,NA,4,NA
stu_MWVWX53670,NA,NA,4.8,NA,NA,NA,6.75,NA,NA,NA,6.666666667,NA,0.842068108,0.825464222,NA,NA,6.708333333,NA
stu_NBDUU94615,NA,NA,2.8,NA,NA,NA,4.25,NA,NA,NA,4,NA,0.472669282,0.554768336,NA,NA,4.125,NA
stu_NCXPC49310,NA,NA,4.2,4.8,NA,NA,4.25,5,NA,NA,4,4.333333333,0.232730811,0.372092129,NA,NA,4.125,4.666666667
stu_NFBML07915,NA,NA,3.2,4.6,NA,NA,5,5,NA,NA,1.666666667,5,0.261302162,0.660173524,NA,NA,3.333333333,5
stu_NFYYQ02407,NA,NA,7,6,NA,NA,6.75,6.75,NA,NA,7,7,0.876405946,0.734956172,NA,NA,6.875,6.875
stu_NGCCY59472,NA,NA,5.4,NA,NA,NA,5.75,NA,NA,NA,5,NA,0.626799459,0.780465116,NA,NA,5.375,NA
stu_NHXYQ53423,NA,NA,2.2,2.8,NA,NA,1,2.25,NA,NA,1.333333333,1.666666667,0.576403243,0.722771914,NA,NA,1.166666667,1.958333333
stu_NKCFI78873,NA,NA,6.4,4.4,NA,NA,6,6,NA,NA,7,5.333333333,NA,0.847744186,NA,NA,6.5,5.666666667
stu_NQHJV41884,NA,NA,5,4.8,NA,NA,4.25,4.75,NA,NA,4.666666667,5.333333333,0.725804324,0.759248658,NA,NA,4.458333333,5.041666667
stu_NQMLK49569,NA,NA,3.8,5.2,NA,NA,5.5,3.5,NA,NA,5.333333333,5,0.843016216,0.888748658,NA,NA,5.416666667,4.25
stu_NQYNC70849,NA,NA,1.6,1,NA,NA,6,5.75,NA,NA,1.666666667,1,0.904711351,0.91652415,NA,NA,3.833333333,3.375
stu_NSZMC43534,NA,NA,5.8,3,NA,NA,7,4,NA,NA,7,5.333333333,0.92515027,0.860965116,NA,NA,7,4.666666667
stu_NTMYJ04764,NA,NA,2.2,3.4,NA,NA,1,1,NA,NA,1,1,0.937974595,0.939629696,NA,NA,1,1
stu_NUTIO49633,NA,NA,5.4,NA,NA,NA,5.5,NA,NA,NA,5.666666667,NA,0.963954054,0.956521467,NA,NA,5.583333333,NA
stu_NUXUY79772,NA,NA,6.2,NA,NA,NA,7,NA,NA,NA,6.666666667,NA,0.943596216,0.986252236,NA,NA,6.833333333,NA
stu_NWJZN83307,NA,NA,4.8,NA,NA,NA,3.25,NA,NA,NA,5.333333333,NA,0.964332432,0.748037567,NA,NA,4.291666667,NA
stu_NXNWL20559,NA,NA,5.4,4.4,NA,NA,7,7,NA,NA,6.666666667,6.666666667,0.60164338,0.904321109,NA,NA,6.833333333,6.833333333
stu_NZCBI98711,NA,NA,4,4,NA,NA,4,4,NA,NA,4,4,0.502383784,0.638363148,NA,NA,4,4
stu_NZUDM36311,NA,NA,4.6,NA,NA,NA,5,NA,NA,NA,5,NA,0.756845086,0.664717352,NA,NA,5,NA
stu_OEBTX89831,NA,NA,4.4,4.2,NA,NA,5,4,NA,NA,3,3,0.65920211,0.733228086,NA,NA,4,3.5
stu_OFAQF67006,NA,NA,5.8,5.8,NA,NA,7,7,NA,NA,7,7,0.7810998,0.719714669,NA,NA,7,7
stu_OFQEU78321,NA,NA,5,4.6,NA,NA,6.5,3.75,NA,NA,7,2.666666667,0.902842315,0.936825581,NA,NA,6.75,3.208333333
stu_OGJDC64249,NA,NA,5.4,4.6,NA,NA,6.25,6,NA,NA,5,5.333333333,0.648145047,0.640591234,NA,NA,5.625,5.666666667
stu_OHHNM36219,NA,NA,3.4,NA,NA,NA,1,NA,NA,NA,4.333333333,NA,0.687841622,0.900271914,NA,NA,2.666666667,NA
stu_OIMLS24097,NA,NA,4.6,4.8,NA,NA,4.75,4.75,NA,NA,5.333333333,4,0.237963243,0.305026834,NA,NA,5.041666667,4.375
stu_OKLXE15924,NA,NA,4.6,NA,NA,NA,5.5,NA,NA,NA,5,NA,0.913048649,0.936493739,NA,NA,5.25,NA
stu_OKUKK30335,NA,NA,5.8,NA,NA,NA,6,NA,NA,NA,6.666666667,NA,0.953623784,0.944860465,NA,NA,6.333333333,NA
stu_OKUXY18268,NA,NA,5,5.6,NA,NA,6.5,6.75,NA,NA,6,7,0.444443784,0.537097496,NA,NA,6.25,6.875
stu_OMDKM44949,NA,NA,2.6,6,NA,NA,4.25,4.75,NA,NA,2.666666667,4.666666667,0.866795676,0.877826476,NA,NA,3.458333333,4.708333333
stu_OMYKW29957,NA,NA,4,3.8,NA,NA,4,4,NA,NA,4,4,0.70000973,0.637724508,NA,NA,4,4
stu_OORDG38818,NA,NA,5.8,6.6,NA,NA,6,6.75,NA,NA,5.666666667,6,0.805938919,0.844666369,NA,NA,5.833333333,6.375
stu_ORMHL11614,NA,NA,2.2,NA,NA,NA,1,NA,NA,NA,1,NA,0.903096757,0.909067084,NA,NA,1,NA
stu_ORTWA88212,NA,NA,4.6,NA,NA,NA,5,NA,NA,NA,5,NA,0.807337838,0.803455277,NA,NA,5,NA
stu_OSRRP55088,NA,NA,5.2,5.8,NA,NA,5,4.75,NA,NA,6,6.333333333,0.863916757,0.825140429,NA,NA,5.5,5.541666667
stu_OTGDH38511,NA,NA,2.2,2.2,NA,NA,1,1,NA,NA,1,1,0.756701081,0.940167263,NA,NA,1,1
stu_OTUTN38663,NA,NA,4.8,NA,NA,NA,3.5,NA,NA,NA,3,NA,0.110948108,0.408718247,NA,NA,3.25,NA
stu_OUQRQ08973,NA,NA,5.2,NA,NA,NA,6.75,NA,NA,NA,6,NA,0.996570811,0.989195886,NA,NA,6.375,NA
stu_OUXML00174,NA,NA,3.4,4.8,NA,NA,3,5,NA,NA,3,6,0.901341081,0.722947227,NA,NA,3,5.5
stu_OVEKU57484,NA,NA,2,2.2,NA,NA,1,1,NA,NA,1.333333333,1,0.486738208,0.772051878,NA,NA,1.166666667,1
stu_OVMJF09670,NA,NA,2.2,2.2,NA,NA,1,1,NA,NA,1,1,0.713962703,0.866955277,NA,NA,1,1
stu_OVRIY37128,NA,NA,4,5.6,NA,NA,4,2.5,NA,NA,4.333333333,1.666666667,0.258250811,0.790226297,NA,NA,4.166666667,2.083333333
stu_OYHUX32606,NA,NA,3.6,3.4,NA,NA,4.5,4.75,NA,NA,3.666666667,4.666666667,0.928045946,0.968022361,NA,NA,4.083333333,4.708333333
stu_OZBXZ14972,NA,NA,4.6,5,NA,NA,2.5,5,NA,NA,6,5,0.523308108,0.724701252,NA,NA,4.25,5
stu_OZTVW20218,NA,NA,4,5.4,NA,NA,4,6,NA,NA,4,6,0.821949189,0.703316637,NA,NA,4,6
stu_PAQLE11457,NA,NA,5.8,4.4,NA,NA,7,5.5,NA,NA,7,6.666666667,0.780606486,0.723399821,NA,NA,7,6.083333333
stu_PCPEK64225,NA,NA,4.4,5,NA,NA,4.75,4,NA,NA,3.666666667,5,0.279936757,0.603094812,NA,NA,4.208333333,4.5
stu_PELAM51387,NA,NA,4.6,4.6,NA,NA,6,7,NA,NA,5,7,0.855201622,0.85981127,NA,NA,5.5,7
stu_PHETS38585,NA,NA,3,4,NA,NA,5,4,NA,NA,2,4.666666667,0.709117297,0.764387299,NA,NA,3.5,4.333333333
stu_PKXWW77752,NA,NA,6,5.6,NA,NA,6.25,6,NA,NA,5.666666667,6,0.646102594,0.751450805,NA,NA,5.958333333,6
stu_PNCID84802,NA,NA,6,NA,NA,NA,6,NA,NA,NA,6,NA,0.836976148,0.823894454,NA,NA,6,NA
stu_PVWOE53892,NA,NA,4,4,NA,NA,4,4,NA,NA,4,4,0.212367568,0.872496422,NA,NA,4,4
stu_PZFAN87305,NA,NA,5.4,5.8,NA,NA,7,7,NA,NA,6.666666667,6.333333333,0.911602703,0.789384615,NA,NA,6.833333333,6.666666667
stu_QBWZA80412,NA,NA,5.2,4.6,NA,NA,6.75,5.5,NA,NA,7,5.666666667,0.967348108,0.90137746,NA,NA,6.875,5.583333333
stu_QHSUL75061,NA,NA,1.6,4,NA,NA,2.75,4.25,NA,NA,4.333333333,4,0.933140541,0.934683363,NA,NA,3.541666667,4.125
stu_QIWNX15330,NA,NA,4.6,4,NA,NA,4.5,4.75,NA,NA,6,5.666666667,0.862622703,0.859559034,NA,NA,5.25,5.208333333
stu_QLHSY61743,NA,NA,3.8,3,NA,NA,4.5,3.5,NA,NA,3.666666667,2.333333333,0.396625405,0.671252236,NA,NA,4.083333333,2.916666667
stu_QNVVO01086,NA,NA,4.8,5.8,NA,NA,6.25,6,NA,NA,6.666666667,6.666666667,0.782916216,0.731457961,NA,NA,6.458333333,6.333333333
stu_QOZGD14912,NA,NA,4.8,5,NA,NA,6.25,6.75,NA,NA,6,6.666666667,0.582974054,0.688207513,NA,NA,6.125,6.708333333
stu_QQHFG69761,NA,NA,4.8,NA,NA,NA,4.5,NA,NA,NA,5,NA,NA,0.910853309,NA,NA,4.75,NA
stu_QSNFY90305,NA,NA,4.6,4.6,NA,NA,5,6,NA,NA,5,6,0.809277838,0.814268336,NA,NA,5,6
stu_QULUJ96584,NA,NA,3.8,NA,NA,NA,6,NA,NA,NA,5.666666667,NA,0.777795135,0.657584973,NA,NA,5.833333333,NA
stu_QUOIR69144,NA,NA,4.8,NA,NA,NA,6.75,NA,NA,NA,7,NA,0.636365946,0.730932916,NA,NA,6.875,NA
stu_QVMEN13564,NA,NA,3.8,5,NA,NA,3.5,7,NA,NA,5.666666667,2.333333333,0.823403243,0.882044723,NA,NA,4.583333333,4.666666667
stu_QYJKZ44527,NA,NA,4,5.8,NA,NA,4,7,NA,NA,2.333333333,7,0.49767027,0.723643113,NA,NA,3.166666667,7
stu_RCSVC38968,NA,NA,6.4,NA,NA,NA,6.25,NA,NA,NA,7,NA,0.859940541,0.801761181,NA,NA,6.625,NA
stu_RDSDP03197,NA,NA,2.2,NA,NA,NA,5.5,NA,NA,NA,4.666666667,NA,0.796460541,0.918378354,NA,NA,5.083333333,NA
stu_RESBZ29674,NA,NA,2.2,3.4,NA,NA,1,4.5,NA,NA,1,5,0.651666486,0.923587657,NA,NA,1,4.75
stu_RFNUO41145,NA,NA,5.6,NA,NA,NA,6.5,NA,NA,NA,6.333333333,NA,0,0.878110912,NA,NA,6.416666667,NA
stu_RILGR08631,NA,NA,2.2,3.8,NA,NA,3.5,4.25,NA,NA,3,4.666666667,0.499257838,0.651911449,NA,NA,3.25,4.458333333
stu_RLOUO28288,NA,NA,3.8,5.2,NA,NA,4,2.75,NA,NA,4.333333333,5.666666667,0.723937838,0.575999106,NA,NA,4.166666667,4.208333333
stu_ROUQU81361,NA,NA,4,3,NA,NA,4,4,NA,NA,4,4,0.747008108,0.81216458,NA,NA,4,4
stu_RPDBO95993,NA,NA,3.4,4.6,NA,NA,6,6,NA,NA,6,3.666666667,0.308734054,0.584921288,NA,NA,6,4.833333333
stu_SBHRM34960,NA,NA,6,6.4,NA,NA,5.25,6.75,NA,NA,6,6,0.951137838,0.675657424,NA,NA,5.625,6.375
stu_SBHYX39053,NA,NA,3,NA,NA,NA,2.75,NA,NA,NA,5,NA,0.885901721,0.872226297,NA,NA,3.875,NA
stu_SCCZF50702,NA,NA,4.4,NA,NA,NA,5.25,NA,NA,NA,5,NA,0.948751351,0.76716458,NA,NA,5.125,NA
stu_SEMFN38636,NA,NA,2.6,3.2,NA,NA,1,4,NA,NA,1,4,0.413893939,0.911,NA,NA,1,4
stu_SGGVU52885,NA,NA,4,NA,NA,NA,3.5,NA,NA,NA,3,NA,0.679354054,0.783072451,NA,NA,3.25,NA
stu_SIKFU62255,NA,NA,4.4,4.2,NA,NA,5,4,NA,NA,5,5.666666667,0.822516216,0.85776297,NA,NA,5,4.833333333
stu_SILGA85014,NA,NA,5.8,NA,NA,NA,7,NA,NA,NA,7,NA,0.836528649,0.883708408,NA,NA,7,NA
stu_SIPTM02529,NA,NA,5.2,5.8,NA,NA,5.5,6,NA,NA,5.333333333,5.666666667,0.80277179,0.799771914,NA,NA,5.416666667,5.833333333
stu_SIRSY68203,NA,NA,3.6,3.6,NA,NA,5.5,4.75,NA,NA,2.666666667,4,0.613002703,0.762936494,NA,NA,4.083333333,4.375
stu_SJCED04976,NA,NA,5,5,NA,NA,5,6,NA,NA,5,6,0.61251027,0.528732558,NA,NA,5,6
stu_SJQFW16401,NA,NA,5.2,NA,NA,NA,6.75,NA,NA,NA,5.666666667,NA,0.821541622,0.905952594,NA,NA,6.208333333,NA
stu_SOKDG57299,NA,NA,5,NA,NA,NA,6.25,NA,NA,NA,5.333333333,NA,0.479182162,0.791667263,NA,NA,5.791666667,NA
stu_SOKSM82039,NA,NA,3.6,3.4,NA,NA,3.75,2.75,NA,NA,4,3,0.895992973,0.795305903,NA,NA,3.875,2.875
stu_SPQDF31441,NA,NA,4.4,4.6,NA,NA,5.75,5,NA,NA,6,5.333333333,0.726505946,0.896203041,NA,NA,5.875,5.166666667
stu_SRSSZ85220,NA,NA,4.8,4.2,NA,NA,6.25,3.5,NA,NA,6,4.333333333,0.599357297,0.777,NA,NA,6.125,3.916666667
stu_SUWYI87541,NA,NA,5.8,3.8,NA,NA,7,5.75,NA,NA,7,5.666666667,0.706653514,0.79566458,NA,NA,7,5.708333333
stu_SVWGE37129,NA,NA,4.6,2.2,NA,NA,7,1,NA,NA,7,1,0.600461081,0.807305009,NA,NA,7,1
stu_SWCZG39302,NA,NA,2.2,3.6,NA,NA,3,4.25,NA,NA,2.666666667,3,0.820003331,0.889951699,NA,NA,2.833333333,3.625
stu_SXDLC92946,NA,NA,5.2,3.4,NA,NA,4.75,4.25,NA,NA,3.666666667,4,0.713497838,0.711144902,NA,NA,4.208333333,4.125
stu_SXOQL57872,NA,NA,5.8,5.2,NA,NA,7,6,NA,NA,7,6,0.824318712,0.802580501,NA,NA,7,6
stu_SZDRZ94488,NA,NA,2.2,4,NA,NA,1,4,NA,NA,1,4,0.585666486,0.699876565,NA,NA,1,4
stu_TBRTQ20675,NA,NA,5.6,NA,NA,NA,5.75,NA,NA,NA,6.333333333,NA,0.550395676,0.822615385,NA,NA,6.041666667,NA
stu_TCAUQ47080,NA,NA,4.8,NA,NA,NA,4,NA,NA,NA,5,NA,0.801442703,0.856870304,NA,NA,4.5,NA
stu_TCKGD84567,NA,NA,3.6,NA,NA,NA,5.75,NA,NA,NA,5,NA,0.888990811,0.896580501,NA,NA,5.375,NA
stu_TCRLZ21072,NA,NA,4.2,NA,NA,NA,4.25,NA,NA,NA,2.333333333,NA,0.443474054,0.847591234,NA,NA,3.291666667,NA
stu_TFRTT47808,NA,NA,5.8,NA,NA,NA,7,NA,NA,NA,7,NA,0.918678919,0.965254919,NA,NA,7,NA
stu_THCWD39812,NA,NA,2.6,4.6,NA,NA,3.25,6.5,NA,NA,4,6,0.732041622,0.927754919,NA,NA,3.625,6.25
stu_TIRPK17978,NA,NA,5.6,5.2,NA,NA,6,5.5,NA,NA,6.666666667,6,0.457672973,0.668713775,NA,NA,6.333333333,5.75
stu_TKKFU03708,NA,NA,4,4,NA,NA,4,4,NA,NA,4,4,0.623242162,0.565790698,NA,NA,4,4
stu_TNZSB10858,NA,NA,4,NA,NA,NA,4,NA,NA,NA,6.333333333,NA,0.822708649,0.922008945,NA,NA,5.166666667,NA
stu_TVHHO68789,NA,NA,3.6,4.2,NA,NA,6,5,NA,NA,4,4,0.998921622,0.992483005,NA,NA,5,4.5
stu_TXTZO67424,NA,NA,5.8,NA,NA,NA,7,NA,NA,NA,7,NA,0.941504865,0.978577818,NA,NA,7,NA
stu_TXUUJ20668,NA,NA,2.8,NA,NA,NA,5.75,NA,NA,NA,5.333333333,NA,0.76715027,0.79436941,NA,NA,5.541666667,NA
stu_TYQRR57584,NA,NA,5.8,4.8,NA,NA,5.75,6.75,NA,NA,6.666666667,7,0.555311457,0.835330054,NA,NA,6.208333333,6.875
stu_UAWBU07414,NA,NA,5.4,NA,NA,NA,5.5,NA,NA,NA,5.333333333,NA,0.917665405,0.886628801,NA,NA,5.416666667,NA
stu_UBFYM74759,NA,NA,6,2.8,NA,NA,7,7,NA,NA,7,6.666666667,0.818403243,0.518363148,NA,NA,7,6.833333333
stu_UCQDF19709,NA,NA,3.8,NA,NA,NA,4,NA,NA,NA,5,NA,0.816431351,0.767980322,NA,NA,4.5,NA
stu_UCXQI64769,NA,NA,2.2,2.2,NA,NA,1,1,NA,NA,1,1,0.833635135,0.888580501,NA,NA,1,1
stu_UECRO88632,NA,NA,5.4,5.8,NA,NA,6.5,6,NA,NA,5,7,0.593202703,0.798101968,NA,NA,5.75,6.5
stu_UEVZA55484,NA,NA,3.6,4.2,NA,NA,4,4,NA,NA,4,4,0.592195972,0.718932021,NA,NA,4,4
stu_UKESN51195,NA,NA,3,NA,NA,NA,4.25,NA,NA,NA,4,NA,0.574402462,0.832707513,NA,NA,4.125,NA
stu_UKEXK89321,NA,NA,5.2,4.6,NA,NA,6,5,NA,NA,6,5,0.735655135,0.888404293,NA,NA,6,5
stu_UPKJL19582,NA,NA,5.4,2.8,NA,NA,6.5,4.75,NA,NA,6,4.666666667,0.685640541,0.797707513,NA,NA,6.25,4.708333333
stu_UQKPV54787,NA,NA,3.8,4.4,NA,NA,5.25,4.75,NA,NA,4.333333333,4.666666667,0.293194054,0.505591234,NA,NA,4.791666667,4.708333333
stu_UROQC81560,NA,NA,6,NA,NA,NA,5.5,NA,NA,NA,6.666666667,NA,0.922363784,0.973088551,NA,NA,6.083333333,NA
stu_URPBH29568,NA,NA,3.2,2.2,NA,NA,5.5,1,NA,NA,2,1,0.510794595,0.467903399,NA,NA,3.75,1
stu_UWDYI16076,NA,NA,5.4,3.2,NA,NA,4,3.5,NA,NA,6,4.333333333,0.736780541,0.698183363,NA,NA,5,3.916666667
stu_UWYNL60286,NA,NA,4.6,5.6,NA,NA,4.75,5.5,NA,NA,4.666666667,5.666666667,0.991536216,0.962584079,NA,NA,4.708333333,5.583333333
stu_UZVUN17186,NA,NA,5.2,6.4,NA,NA,5.75,6.5,NA,NA,6.666666667,6.666666667,0.845848649,0.765798748,NA,NA,6.208333333,6.583333333
stu_UZYSD63964,NA,NA,4.2,4.6,NA,NA,6.25,4.25,NA,NA,3,5,0.793469189,0.837694097,NA,NA,4.625,4.625
stu_VAUGT07981,NA,NA,3.6,4.2,NA,NA,2.75,2.75,NA,NA,6.333333333,3,0.397053514,0.711351521,NA,NA,4.541666667,2.875
stu_VIYHR73015,NA,NA,5.8,2.2,NA,NA,7,1,NA,NA,7,1,0.766626486,0.910989267,NA,NA,7,1
stu_VJXIA95141,NA,NA,3,1,NA,NA,1,1,NA,NA,7,5,0.437662703,0.729217536,NA,NA,4,3
stu_VKCZM52476,NA,NA,4,NA,NA,NA,7,NA,NA,NA,7,NA,0.480156818,0.43017263,NA,NA,7,NA
stu_VKMGB23088,NA,NA,7,NA,NA,NA,7,NA,NA,NA,7,NA,0.926094509,0.958921348,NA,NA,7,NA
stu_VSABG77162,NA,NA,3.8,4.8,NA,NA,5.5,5,NA,NA,5.333333333,6,0.712098378,0.740815742,NA,NA,5.416666667,5.5
stu_VTBRV57522,NA,NA,4.6,NA,NA,NA,5,NA,NA,NA,5,NA,0.806734595,0.803389088,NA,NA,5,NA
stu_WBLPG13314,NA,NA,4.2,NA,NA,NA,2.5,NA,NA,NA,7,NA,0.925292973,0.903825581,NA,NA,4.75,NA
stu_WFXSC18007,NA,NA,3.6,NA,NA,NA,5.5,NA,NA,NA,5.333333333,NA,0.860458919,0.864099284,NA,NA,5.416666667,NA
stu_WJDCR33959,NA,NA,3.4,NA,NA,NA,4.75,NA,NA,NA,7,NA,0.97336973,0.865786225,NA,NA,5.875,NA
stu_WJDFO12540,NA,NA,5,4.8,NA,NA,6,4.75,NA,NA,6,5.333333333,0.622184324,0.548357782,NA,NA,6,5.041666667
stu_WMFTW84467,NA,NA,5.8,NA,NA,NA,7,NA,NA,NA,7,NA,0.933958378,0.978218247,NA,NA,7,NA
stu_WNVDE02643,NA,NA,4.2,3.6,NA,NA,4,2.5,NA,NA,4,4,0.937938378,0.809326476,NA,NA,4,3.25
stu_WOSIJ10911,NA,NA,4.4,2.6,NA,NA,3.25,3,NA,NA,2,5.333333333,0.828732432,0.699561039,NA,NA,2.625,4.166666667
stu_WPLRN92261,NA,NA,4,NA,NA,NA,7,NA,NA,NA,7,NA,0.619209189,0.940133274,NA,NA,7,NA
stu_WQZOA20940,NA,NA,5.6,NA,NA,NA,6.75,NA,NA,NA,7,NA,0.880273514,0.861157424,NA,NA,6.875,NA
stu_WROYV33676,NA,NA,4,4,NA,NA,4,5,NA,NA,4,5,0.780535676,0.807140429,NA,NA,4,5
stu_XCBSJ92295,NA,NA,5.8,NA,NA,NA,7,NA,NA,NA,7,NA,0.933756757,0.849437388,NA,NA,7,NA
stu_XGLLF13795,NA,NA,2.2,2.2,NA,NA,1,1,NA,NA,1,1,0.89514973,0.714629696,NA,NA,1,1
stu_XNDCT94597,NA,NA,5.8,NA,NA,NA,7,NA,NA,NA,7,NA,0.85502973,0.823267442,NA,NA,7,NA
stu_XNVRF01301,NA,NA,5.8,4.2,NA,NA,7,4,NA,NA,7,2.666666667,0.339497838,0.708900716,NA,NA,7,3.333333333
stu_XOUVJ60504,NA,NA,3.2,2.4,NA,NA,1.25,3.25,NA,NA,2.666666667,3.666666667,0.302898919,0.482031306,NA,NA,1.958333333,3.458333333
stu_XPJOH99672,NA,NA,5.4,3.6,NA,NA,6.5,5,NA,NA,6,5.333333333,0.946388108,0.845569767,NA,NA,6.25,5.166666667
stu_XRYAJ66247,NA,NA,5.6,NA,NA,NA,6.25,NA,NA,NA,6.666666667,NA,0.974597838,0.951554562,NA,NA,6.458333333,NA
stu_XSPUJ16930,NA,NA,5.2,NA,NA,NA,5.75,NA,NA,NA,6,NA,0.905596216,0.816428444,NA,NA,5.875,NA
stu_XTNXO38247,NA,NA,3.2,NA,NA,NA,3.75,NA,NA,NA,5,NA,NA,0.21013864,NA,NA,4.375,NA
stu_XXCIB69920,NA,NA,3.4,4.6,NA,NA,3,5,NA,NA,3,5,0.34462,0.856916816,NA,NA,3,5
stu_XXJNJ30416,NA,NA,2.8,3,NA,NA,4,1,NA,NA,5,1.333333333,0,0.49271288,NA,NA,4.5,1.166666667
stu_XXYWG18572,NA,NA,4.6,NA,NA,NA,7,NA,NA,NA,7,NA,0.90116973,0.765163685,NA,NA,7,NA
stu_XYMAJ34684,NA,NA,1.8,NA,NA,NA,2,NA,NA,NA,2,NA,0.731968649,0.856219141,NA,NA,2,NA
stu_YBQUI50491,NA,NA,4.2,4.2,NA,NA,6,5.75,NA,NA,6,6,0.308811892,0.67904025,NA,NA,6,5.875
stu_YCXTW60294,NA,NA,2.2,2.2,NA,NA,1,1,NA,NA,1,1,0.12462973,0.189955277,NA,NA,1,1
stu_YFUXY82162,NA,NA,3.6,3.8,NA,NA,4,4,NA,NA,4.666666667,4,0.427962703,0.442957066,NA,NA,4.333333333,4
stu_YGRKX65664,NA,NA,2.8,5.2,NA,NA,2,6.75,NA,NA,1,6.666666667,0.317303784,0.395935599,NA,NA,1.5,6.708333333
stu_YHOKZ76050,NA,NA,4,4.4,NA,NA,4.75,6,NA,NA,5.666666667,5.666666667,0.421660541,0.680054562,NA,NA,5.208333333,5.833333333
stu_YIBTV35180,NA,NA,4.2,4,NA,NA,4.5,4.5,NA,NA,5,4.666666667,0.735997838,0.762354204,NA,NA,4.75,4.583333333
stu_YMKGU27219,NA,NA,2.2,4.8,NA,NA,1,6.25,NA,NA,1,6,0.885170811,0.880796064,NA,NA,1,6.125
stu_YNSKT68490,NA,NA,3.4,5,NA,NA,5,6,NA,NA,4.666666667,5.666666667,0.406274054,0.406599284,NA,NA,4.833333333,5.833333333
stu_YRFOP59419,NA,NA,4,4.6,NA,NA,4,6.75,NA,NA,4,5.666666667,0.602822162,0.75434347,NA,NA,4,6.208333333
stu_YXTYH94629,NA,NA,5.2,5,NA,NA,5.5,5.75,NA,NA,6,5,0.980052432,0.759219141,NA,NA,5.75,5.375
stu_ZASGH65550,NA,NA,5.4,NA,NA,NA,6,NA,NA,NA,6.666666667,NA,0.929794054,0.636222719,NA,NA,6.333333333,NA
stu_ZBFPZ93278,NA,NA,5.4,3.8,NA,NA,5.25,5,NA,NA,6.666666667,4.666666667,0.808306486,0.72484347,NA,NA,5.958333333,4.833333333
stu_ZBGGC86255,NA,NA,5,5.8,NA,NA,6.5,7,NA,NA,5.333333333,7,0.71144973,0.804559034,NA,NA,5.916666667,7
stu_ZCJGY51940,NA,NA,3.4,NA,NA,NA,5.75,NA,NA,NA,6.333333333,NA,0.817176757,0.848535778,NA,NA,6.041666667,NA
stu_ZHLKT61417,NA,NA,4.6,4,NA,NA,3.75,4.25,NA,NA,4.333333333,4.333333333,0.597580778,0.897047406,NA,NA,4.041666667,4.291666667
stu_ZKUAL44412,NA,NA,4.8,5.4,NA,NA,4.25,4.5,NA,NA,6.666666667,5.666666667,0.197424865,0.321059034,NA,NA,5.458333333,5.083333333
stu_ZNROA32712,NA,NA,5,5,NA,NA,4.25,4.5,NA,NA,5,5,0.849114054,0.880252236,NA,NA,4.625,4.75
stu_ZPNXC37332,NA,NA,4.8,5.8,NA,NA,4.5,4.75,NA,NA,5.333333333,4.666666667,0.91563027,0.821860465,NA,NA,4.916666667,4.708333333
stu_ZQPZL81654,NA,NA,5.2,6,NA,NA,6.75,6.75,NA,NA,7,6.666666667,0.880280541,0.716687835,NA,NA,6.875,6.708333333
stu_ZXGOY18769,NA,NA,2.2,5,NA,NA,1,6,NA,NA,1,6,0.588130811,0.62077907,NA,NA,1,6
stu_AAUBF17657,NA,NA,NA,4,NA,NA,NA,4,NA,NA,NA,4,0.826925946,0.717311688,NA,NA,NA,4
stu_AJOQB67917,NA,NA,NA,4.6,NA,NA,NA,7,NA,NA,NA,7,0.191154217,0.058525164,NA,NA,NA,7
stu_AMCOU06923,NA,NA,NA,4.4,NA,NA,NA,6,NA,NA,NA,6,0.929205405,0.738524351,NA,NA,NA,6
stu_AWCZC00526,NA,NA,NA,4.4,NA,NA,NA,3.75,NA,NA,NA,4.666666667,0.055384078,0,NA,NA,NA,4.208333333
stu_AWTHR87641,NA,NA,NA,3,NA,NA,NA,4.5,NA,NA,NA,4.333333333,0.655542476,0.095205689,NA,NA,NA,4.416666667
stu_AZLSX43550,NA,NA,NA,4.4,NA,NA,NA,4.75,NA,NA,NA,5,NA,0.280365427,NA,NA,NA,4.875
stu_BYLAU18230,NA,NA,NA,4.8,NA,NA,NA,6,NA,NA,NA,6,0.532793296,0.2335186,NA,NA,NA,6
stu_CEWJY19351,NA,NA,NA,1.6,NA,NA,NA,6.25,NA,NA,NA,2.333333333,0.810312973,0.296811816,NA,NA,NA,4.291666667
stu_CIUYM97696,NA,NA,NA,3.4,NA,NA,NA,7,NA,NA,NA,7,0,0.202035211,NA,NA,NA,7
stu_CMRNZ50284,NA,NA,NA,4,NA,NA,NA,4,NA,NA,NA,4,0,0.248509847,NA,NA,NA,4
stu_DPCNQ82080,NA,NA,NA,5,NA,NA,NA,5.75,NA,NA,NA,5.666666667,0.684736034,0.542688312,NA,NA,NA,5.708333333
stu_DROKV43809,NA,NA,NA,3.2,NA,NA,NA,5,NA,NA,NA,6,0.492025946,0.784030411,NA,NA,NA,5.5
stu_DXVPR83990,NA,NA,NA,4.2,NA,NA,NA,7,NA,NA,NA,7,0.364651515,0.227271335,NA,NA,NA,7
stu_DZSKZ55435,NA,NA,NA,3.2,NA,NA,NA,5.5,NA,NA,NA,1.666666667,0,0.136197419,NA,NA,NA,3.583333333
stu_EACGV60860,NA,NA,NA,2.2,NA,NA,NA,1,NA,NA,NA,1,0.789086486,0.222150985,NA,NA,NA,1
stu_EEJCM74096,NA,NA,NA,5.8,NA,NA,NA,3.25,NA,NA,NA,3.333333333,0.240885417,0.27050547,NA,NA,NA,3.291666667
stu_EIUTJ63957,NA,NA,NA,4.6,NA,NA,NA,3.75,NA,NA,NA,4,0.71429786,0.82908094,NA,NA,NA,3.875
stu_EJYOA34939,NA,NA,NA,5.8,NA,NA,NA,7,NA,NA,NA,7,0.852068108,0.293739606,NA,NA,NA,7
stu_EKJFJ83949,NA,NA,NA,4.8,NA,NA,NA,5,NA,NA,NA,6,0,0,NA,NA,NA,5.5
stu_ERGHC61576,NA,NA,NA,2.2,NA,NA,NA,1,NA,NA,NA,1,NA,0.236560175,NA,NA,NA,1
stu_ERXJY09496,NA,NA,NA,3,NA,NA,NA,4.75,NA,NA,NA,6,0,0,NA,NA,NA,5.375
stu_FJGRZ52344,NA,NA,NA,3.8,NA,NA,NA,4,NA,NA,NA,5.333333333,0.670101205,0.225656455,NA,NA,NA,4.666666667
stu_FPRXP95150,NA,NA,NA,5,NA,NA,NA,6,NA,NA,NA,6,0.235293561,0.382366197,NA,NA,NA,6
stu_FSNRS73583,NA,NA,NA,3.8,NA,NA,NA,4.25,NA,NA,NA,3.333333333,0,0,NA,NA,NA,3.791666667
stu_FTTIU73038,NA,NA,NA,3.8,NA,NA,NA,6.5,NA,NA,NA,4,0.585654595,0.773703041,NA,NA,NA,5.25
stu_FZNWP70115,NA,NA,NA,2.2,NA,NA,NA,1,NA,NA,NA,1,0.024064865,0.253427549,NA,NA,NA,1
stu_GZSHI66889,NA,NA,NA,4.2,NA,NA,NA,5.75,NA,NA,NA,6,0.377057831,0.145102273,NA,NA,NA,5.875
stu_HCXMR91687,NA,NA,NA,5.2,NA,NA,NA,5.75,NA,NA,NA,6,0,0.072371991,NA,NA,NA,5.875
stu_HFEAE12072,NA,NA,NA,4.4,NA,NA,NA,7,NA,NA,NA,6.666666667,0,0.274560175,NA,NA,NA,6.833333333
stu_HRBJA12654,NA,NA,NA,4.4,NA,NA,NA,3.75,NA,NA,NA,3.666666667,0,0,NA,NA,NA,3.708333333
stu_HUBYG24639,NA,NA,NA,3,NA,NA,NA,2.75,NA,NA,NA,2,0.757029189,0.260166302,NA,NA,NA,2.375
stu_IBYHO31157,NA,NA,NA,6,NA,NA,NA,5.75,NA,NA,NA,6,0.015870811,0.005586039,NA,NA,NA,5.875
stu_IGKHN75900,NA,NA,NA,4.6,NA,NA,NA,5.25,NA,NA,NA,6,0,NA,NA,NA,NA,5.625
stu_IKZUR82394,NA,NA,NA,4.6,NA,NA,NA,4.5,NA,NA,NA,5.333333333,0,0.317112676,NA,NA,NA,4.916666667
stu_IXDXU10496,NA,NA,NA,4.4,NA,NA,NA,4,NA,NA,NA,4.666666667,0.327016216,0.291321429,NA,NA,NA,4.333333333
stu_JCJNH48250,NA,NA,NA,4.6,NA,NA,NA,5.5,NA,NA,NA,3.666666667,0.465113253,0.089214442,NA,NA,NA,4.583333333
stu_JEJRL82152,NA,NA,NA,4,NA,NA,NA,4,NA,NA,NA,4,0.769135135,0.89379517,NA,NA,NA,4
stu_JRDSU47736,NA,NA,NA,3.2,NA,NA,NA,2,NA,NA,NA,5.333333333,0,0,NA,NA,NA,3.666666667
stu_JWEYA15768,NA,NA,NA,6,NA,NA,NA,6.25,NA,NA,NA,5.666666667,0.823517297,0.863998377,NA,NA,NA,5.958333333
stu_KFLPC73974,NA,NA,NA,3.2,NA,NA,NA,2.25,NA,NA,NA,2.333333333,NA,0.278676056,NA,NA,NA,2.291666667
stu_KNMBJ37652,NA,NA,NA,5.4,NA,NA,NA,6.5,NA,NA,NA,6.666666667,0.573720155,0.196389497,NA,NA,NA,6.583333333
stu_KNTJH40924,NA,NA,NA,2.2,NA,NA,NA,1,NA,NA,NA,1,0,0.250007042,NA,NA,NA,1
stu_KNVGZ49879,NA,NA,NA,2.2,NA,NA,NA,3.75,NA,NA,NA,4.333333333,0,0,NA,NA,NA,4.041666667
stu_KWTTE95308,NA,NA,NA,1.8,NA,NA,NA,2.25,NA,NA,NA,2.333333333,0.510565242,0.497808442,NA,NA,NA,2.291666667
stu_KXZBO35198,NA,NA,NA,1.2,NA,NA,NA,1,NA,NA,NA,1,0,0,NA,NA,NA,1
stu_LAJRP07819,NA,NA,NA,2.6,NA,NA,NA,1.75,NA,NA,NA,1.333333333,0.821741184,0,NA,NA,NA,1.541666667
stu_LEZXA03433,NA,NA,NA,5,NA,NA,NA,4.75,NA,NA,NA,4.666666667,0.710132576,0.218201313,NA,NA,NA,4.708333333
stu_LFAQI19776,NA,NA,NA,5,NA,NA,NA,5.75,NA,NA,NA,6,0,0.272645514,NA,NA,NA,5.875
stu_LKGAP18861,NA,NA,NA,3.2,NA,NA,NA,2.5,NA,NA,NA,4,0,0.472471831,NA,NA,NA,3.25
stu_LOTQJ12485,NA,NA,NA,1.4,NA,NA,NA,1,NA,NA,NA,1,0.535866667,0.5795,NA,NA,NA,1
stu_MLHZJ24365,NA,NA,NA,5.4,NA,NA,NA,5,NA,NA,NA,6,NA,0.266943107,NA,NA,NA,5.5
stu_MONXE87665,NA,NA,NA,4.6,NA,NA,NA,5.25,NA,NA,NA,6.666666667,0.862458417,0.282087527,NA,NA,NA,5.958333333
stu_MQMZT86780,NA,NA,NA,3.2,NA,NA,NA,2,NA,NA,NA,3.666666667,0.496269458,0.322669014,NA,NA,NA,2.833333333
stu_MTWGI10702,NA,NA,NA,4.4,NA,NA,NA,3,NA,NA,NA,4.333333333,0.649481061,0.646141234,NA,NA,NA,3.666666667
stu_NIAFU73635,NA,NA,NA,4.4,NA,NA,NA,5.25,NA,NA,NA,5.333333333,0,0.471429577,NA,NA,NA,5.291666667
stu_OEYFG82942,NA,NA,NA,2.8,NA,NA,NA,4.5,NA,NA,NA,4.333333333,0.717953012,0,NA,NA,NA,4.416666667
stu_OHIKI29769,NA,NA,NA,2.4,NA,NA,NA,5.25,NA,NA,NA,2.333333333,0,NA,NA,NA,NA,3.791666667
stu_OHQTT23169,NA,NA,NA,3,NA,NA,NA,5.25,NA,NA,NA,5.333333333,0,0.217884026,NA,NA,NA,5.291666667
stu_OOCTS52213,NA,NA,NA,3,NA,NA,NA,5,NA,NA,NA,4,0.831544693,0.262234136,NA,NA,NA,4.5
stu_OPKHN79534,NA,NA,NA,6.6,NA,NA,NA,6.75,NA,NA,NA,7,0.553305389,0.513696429,NA,NA,NA,6.875
stu_OYXUP39933,NA,NA,NA,4.2,NA,NA,NA,5.5,NA,NA,NA,6,0,0,NA,NA,NA,5.75
stu_PADEA06383,NA,NA,NA,2.2,NA,NA,NA,4.25,NA,NA,NA,3,0.979016216,0.730602273,NA,NA,NA,3.625
stu_PBXVL79478,NA,NA,NA,2.4,NA,NA,NA,3.75,NA,NA,NA,4,0.677702652,0.166367615,NA,NA,NA,3.875
stu_PRWAJ05597,NA,NA,NA,3.8,NA,NA,NA,4.25,NA,NA,NA,4,0.356117157,0.156823944,NA,NA,NA,4.125
stu_QGCAY47528,NA,NA,NA,6,NA,NA,NA,6,NA,NA,NA,5.666666667,0,0.239923414,NA,NA,NA,5.833333333
stu_QTVDW21753,NA,NA,NA,4.6,NA,NA,NA,6.25,NA,NA,NA,5.666666667,0.95641027,0.255625821,NA,NA,NA,5.958333333
stu_QUGOI55972,NA,NA,NA,5.6,NA,NA,NA,6.75,NA,NA,NA,7,0.48601257,0.249694805,NA,NA,NA,6.875
stu_RAABY86476,NA,NA,NA,2.4,NA,NA,NA,3.5,NA,NA,NA,2.666666667,NA,0.196908451,NA,NA,NA,3.083333333
stu_ROCWM25093,NA,NA,NA,3.8,NA,NA,NA,3.25,NA,NA,NA,4,0.724261446,0.22966302,NA,NA,NA,3.625
stu_RQNRI96811,NA,NA,NA,4.4,NA,NA,NA,4.75,NA,NA,NA,5,0.604449882,0.203223195,NA,NA,NA,4.875
stu_RZWVT02208,NA,NA,NA,2.6,NA,NA,NA,6.75,NA,NA,NA,5,0,0,NA,NA,NA,5.875
stu_SFHFD37213,NA,NA,NA,3,NA,NA,NA,5.5,NA,NA,NA,5.666666667,0,0.048816193,NA,NA,NA,5.583333333
stu_SKTPM72381,NA,NA,NA,5.2,NA,NA,NA,6.25,NA,NA,NA,6,0,0,NA,NA,NA,6.125
stu_SMHHU53376,NA,NA,NA,4,NA,NA,NA,4.5,NA,NA,NA,2.666666667,0,0.180840263,NA,NA,NA,3.583333333
stu_SPKMH44189,NA,NA,NA,5,NA,NA,NA,3.25,NA,NA,NA,5,0.753142703,0.722468694,NA,NA,NA,4.125
stu_SWBAV89359,NA,NA,NA,4.2,NA,NA,NA,4.5,NA,NA,NA,5.666666667,NA,0.902295775,NA,NA,NA,5.083333333
stu_SWQNR53364,NA,NA,NA,5,NA,NA,NA,4.25,NA,NA,NA,4.666666667,0.814982703,0.903035778,NA,NA,NA,4.458333333
stu_THCZW53148,NA,NA,NA,5.6,NA,NA,NA,6,NA,NA,NA,7,0.683785038,0.012077465,NA,NA,NA,6.5
stu_TJVRT60276,NA,NA,NA,3.8,NA,NA,NA,2,NA,NA,NA,4.333333333,0.643734848,0.256164114,NA,NA,NA,3.166666667
stu_TVOVS72637,NA,NA,NA,4,NA,NA,NA,5.25,NA,NA,NA,1.333333333,0.257486486,0.210275711,NA,NA,NA,3.291666667
stu_TVYRX49844,NA,NA,NA,3.8,NA,NA,NA,6.25,NA,NA,NA,4.666666667,0.566464015,0.655037338,NA,NA,NA,5.458333333
stu_TZFIA77912,NA,NA,NA,5.6,NA,NA,NA,5.5,NA,NA,NA,6.666666667,0.818583243,0.792289803,NA,NA,NA,6.083333333
stu_UJJUR89639,NA,NA,NA,1.8,NA,NA,NA,2.25,NA,NA,NA,3,0,0.263396061,NA,NA,NA,2.625
stu_UKBZL91983,NA,NA,NA,3.2,NA,NA,NA,1,NA,NA,NA,3,0.626517631,0.171838074,NA,NA,NA,2
stu_VLSWM52336,NA,NA,NA,2.2,NA,NA,NA,1,NA,NA,NA,1,0.636182703,0.833824687,NA,NA,NA,1
stu_VYGVJ94480,NA,NA,NA,3,NA,NA,NA,5,NA,NA,NA,2,0.506247568,0.291094092,NA,NA,NA,3.5
stu_VYZAL21171,NA,NA,NA,3.4,NA,NA,NA,6.75,NA,NA,NA,6.666666667,0.519536557,0.249387309,NA,NA,NA,6.708333333
stu_WBGHC91995,NA,NA,NA,3.8,NA,NA,NA,5.5,NA,NA,NA,4.666666667,0,0.429795775,NA,NA,NA,5.083333333
stu_WHEUK43495,NA,NA,NA,3.8,NA,NA,NA,4.25,NA,NA,NA,4.333333333,0.796526946,0.275980306,NA,NA,NA,4.291666667
stu_WOGXC62340,NA,NA,NA,1,NA,NA,NA,5.75,NA,NA,NA,1,0.996642169,0.181247265,NA,NA,NA,3.375
stu_WRXGI01143,NA,NA,NA,4,NA,NA,NA,4.5,NA,NA,NA,4,0.879379459,0.73299026,NA,NA,NA,4.25
stu_XBJSH29339,NA,NA,NA,7,NA,NA,NA,6.25,NA,NA,NA,6.666666667,0.793588443,0.293761488,NA,NA,NA,6.458333333
stu_XDWBN25820,NA,NA,NA,5.8,NA,NA,NA,6.5,NA,NA,NA,5.333333333,0,0,NA,NA,NA,5.916666667
stu_XFWTU74950,NA,NA,NA,5.4,NA,NA,NA,6,NA,NA,NA,6,0.718427711,0.279916849,NA,NA,NA,6
stu_XIJNA54700,NA,NA,NA,4.6,NA,NA,NA,5,NA,NA,NA,4.666666667,0.65297043,0.225857768,NA,NA,NA,4.833333333
stu_XJMAX11005,NA,NA,NA,5.6,NA,NA,NA,6.75,NA,NA,NA,4.333333333,0.765210227,0.689371753,NA,NA,NA,5.541666667
stu_XKFLW18974,NA,NA,NA,5,NA,NA,NA,7,NA,NA,NA,7,0.51902197,0.792973742,NA,NA,NA,7
stu_YBRBI06453,NA,NA,NA,4.6,NA,NA,NA,5.75,NA,NA,NA,4.666666667,0.694089394,0.847011364,NA,NA,NA,5.208333333
stu_YJVMA04629,NA,NA,NA,4,NA,NA,NA,5.75,NA,NA,NA,5.333333333,0.810724324,0.868775974,NA,NA,NA,5.541666667
stu_YNTGB97353,NA,NA,NA,4.6,NA,NA,NA,7,NA,NA,NA,7,0,0.235203501,NA,NA,NA,7
stu_ZCXSK81572,NA,NA,NA,5,NA,NA,NA,4.5,NA,NA,NA,5.666666667,0,0.277905908,NA,NA,NA,5.083333333
stu_ZNANO29782,NA,NA,NA,4.2,NA,NA,NA,4,NA,NA,NA,4,0,0.181059081,NA,NA,NA,4
stu_ZRDND41453,NA,NA,NA,3.2,NA,NA,NA,5.75,NA,NA,NA,6.333333333,0.679831892,0.505392665,NA,NA,NA,6.041666667
stu_ZZBST44205,NA,NA,NA,5,NA,NA,NA,4.5,NA,NA,NA,6,0.892932973,0.721712662,NA,NA,NA,5.25
stu_AEMVA51138,NA,NA,NA,NA,NA,NA,NA,NA,NA,NA,NA,NA,0,NA,NA,NA,NA,NA
stu_AQQFL25825,NA,NA,NA,NA,NA,NA,NA,NA,NA,NA,NA,NA,0.360239521,NA,NA,NA,NA,NA
stu_ARUXX68788,NA,NA,NA,NA,NA,NA,NA,NA,NA,NA,NA,NA,0,0.266986871,NA,NA,NA,NA
stu_AZWXU60600,NA,NA,NA,NA,NA,NA,NA,NA,NA,NA,NA,NA,0,NA,NA,NA,NA,NA
stu_BEJSZ32552,NA,NA,NA,NA,NA,NA,NA,NA,NA,NA,NA,NA,0.710689944,NA,NA,NA,NA,NA
stu_BQUVV57286,NA,NA,NA,NA,NA,NA,NA,NA,NA,NA,NA,NA,0,NA,NA,NA,NA,NA
stu_CAZHL32549,NA,NA,NA,NA,NA,NA,NA,NA,NA,NA,NA,NA,0,NA,NA,NA,NA,NA
stu_CDMGH20717,NA,NA,NA,NA,NA,NA,NA,NA,NA,NA,NA,NA,0,NA,NA,NA,NA,NA
stu_CGRPK74006,NA,NA,NA,NA,NA,NA,NA,NA,NA,NA,NA,NA,0.028374745,NA,NA,NA,NA,NA
stu_ECDKF50536,NA,NA,NA,NA,NA,NA,NA,NA,NA,NA,NA,NA,0,NA,NA,NA,NA,NA
stu_FBSTL83063,NA,NA,NA,NA,NA,NA,NA,NA,NA,NA,NA,NA,0,NA,NA,NA,NA,NA
stu_FDOGM36491,NA,NA,NA,NA,NA,NA,NA,NA,NA,NA,NA,NA,0,NA,NA,NA,NA,NA
stu_FHDAM64334,NA,NA,NA,NA,NA,NA,NA,NA,NA,NA,NA,NA,0,NA,NA,NA,NA,NA
stu_FHSUE25874,NA,NA,NA,NA,NA,NA,NA,NA,NA,NA,NA,NA,0,NA,NA,NA,NA,NA
stu_FUYUD91176,NA,NA,NA,NA,NA,NA,NA,NA,NA,NA,NA,NA,0.108254054,0,NA,NA,NA,NA
stu_HAKIZ97114,NA,NA,NA,NA,NA,NA,NA,NA,NA,NA,NA,NA,0,NA,NA,NA,NA,NA
stu_HNLAK02961,NA,NA,NA,NA,NA,NA,NA,NA,NA,NA,NA,NA,0,NA,NA,NA,NA,NA
stu_IBQPC11438,NA,NA,NA,NA,NA,NA,NA,NA,NA,NA,NA,NA,0,0.079634573,NA,NA,NA,NA
stu_ICTPG53512,NA,NA,NA,NA,NA,NA,NA,NA,NA,NA,NA,NA,0.203592803,NA,NA,NA,NA,NA
stu_IWZIP29970,NA,NA,NA,NA,NA,NA,NA,NA,NA,NA,NA,NA,0.738749491,NA,NA,NA,NA,NA
stu_JACDA60468,NA,NA,NA,NA,NA,NA,NA,NA,NA,NA,NA,NA,0,NA,NA,NA,NA,NA
stu_JDPNI07373,NA,NA,NA,NA,NA,NA,NA,NA,NA,NA,NA,NA,0.512164394,NA,NA,NA,NA,NA
stu_JGUHU28954,NA,NA,NA,NA,NA,NA,NA,NA,NA,NA,NA,NA,0.94949027,NA,NA,NA,NA,NA
stu_JPFDY56489,NA,NA,NA,NA,NA,NA,NA,NA,NA,NA,NA,NA,0.5,0.017211982,NA,NA,NA,NA
stu_KCWTP69762,NA,NA,NA,NA,NA,NA,NA,NA,NA,NA,NA,NA,0.999849462,0.968115207,NA,NA,NA,NA
stu_KVVWD29929,NA,NA,NA,NA,NA,NA,NA,NA,NA,NA,NA,NA,0.558389665,NA,NA,NA,NA,NA
stu_KWONT57585,NA,NA,NA,NA,NA,NA,NA,NA,NA,NA,NA,NA,0.40100303,NA,NA,NA,NA,NA
stu_LIFUL00921,NA,NA,NA,NA,NA,NA,NA,NA,NA,NA,NA,NA,0.690476257,NA,NA,NA,NA,NA
stu_LNDVT63359,NA,NA,NA,NA,NA,NA,NA,NA,NA,NA,NA,NA,0.700993347,NA,NA,NA,NA,NA
stu_MKMUG79190,NA,NA,NA,NA,NA,NA,NA,NA,NA,NA,NA,NA,0,NA,NA,NA,NA,NA
stu_MKUPN26933,NA,NA,NA,NA,NA,NA,NA,NA,NA,NA,NA,NA,0.789322524,NA,NA,NA,NA,NA
stu_NABFL26730,NA,NA,NA,NA,NA,NA,NA,NA,NA,NA,NA,NA,0,NA,NA,NA,NA,NA
stu_OCCHN65704,NA,NA,NA,NA,NA,NA,NA,NA,NA,NA,NA,NA,0,NA,NA,NA,NA,NA
stu_OENAP75179,NA,NA,NA,NA,NA,NA,NA,NA,NA,NA,NA,NA,0.706640152,NA,NA,NA,NA,NA
stu_OJPGQ15000,NA,NA,NA,NA,NA,NA,NA,NA,NA,NA,NA,NA,0,NA,NA,NA,NA,NA
stu_OJQXE39059,NA,NA,NA,NA,NA,NA,NA,NA,NA,NA,NA,NA,0,NA,NA,NA,NA,NA
stu_PEOME21282,NA,NA,NA,NA,NA,NA,NA,NA,NA,NA,NA,NA,0,NA,NA,NA,NA,NA
stu_SPNDL22690,NA,NA,NA,NA,NA,NA,NA,NA,NA,NA,NA,NA,0,NA,NA,NA,NA,NA
stu_SSZRP56140,NA,NA,NA,NA,NA,NA,NA,NA,NA,NA,NA,NA,0,NA,NA,NA,NA,NA
stu_THNYU49956,NA,NA,NA,NA,NA,NA,NA,NA,NA,NA,NA,NA,0,NA,NA,NA,NA,NA
stu_TKAWL55935,NA,NA,NA,NA,NA,NA,NA,NA,NA,NA,NA,NA,0,NA,NA,NA,NA,NA
stu_TKCRV70977,NA,NA,NA,NA,NA,NA,NA,NA,NA,NA,NA,NA,0.999924731,0.704069124,NA,NA,NA,NA
stu_UYXOS26026,NA,NA,NA,NA,NA,NA,NA,NA,NA,NA,NA,NA,0,NA,NA,NA,NA,NA
stu_VMZOD20481,NA,NA,NA,NA,NA,NA,NA,NA,NA,NA,NA,NA,0,0,NA,NA,NA,NA
stu_WMWBN15084,NA,NA,NA,NA,NA,NA,NA,NA,NA,NA,NA,NA,1,0.920903226,NA,NA,NA,NA
stu_WOKEY49786,NA,NA,NA,NA,NA,NA,NA,NA,NA,NA,NA,NA,0.982325269,0.966101382,NA,NA,NA,NA
stu_XLKCN71025,NA,NA,NA,NA,NA,NA,NA,NA,NA,NA,NA,NA,0.608700611,NA,NA,NA,NA,NA
stu_XXPYW35186,NA,NA,NA,NA,NA,NA,NA,NA,NA,NA,NA,NA,0,NA,NA,NA,NA,NA
stu_XYWRF03846,NA,NA,NA,NA,NA,NA,NA,NA,NA,NA,NA,NA,0.783990811,0.476225352,NA,NA,NA,NA
stu_YTZQW08109,NA,NA,NA,NA,NA,NA,NA,NA,NA,NA,NA,NA,1,0.97343318,NA,NA,NA,NA
stu_YVTZD17225,NA,NA,NA,NA,NA,NA,NA,NA,NA,NA,NA,NA,0,NA,NA,NA,NA,NA
stu_YWOVJ27386,NA,NA,NA,NA,NA,NA,NA,NA,NA,NA,NA,NA,0.845480699,0.995437788,NA,NA,NA,NA
stu_YZPQD04871,NA,NA,NA,NA,NA,NA,NA,NA,NA,NA,NA,NA,0.422388441,0.898751152,NA,NA,NA,NA
stu_ZAWNR01830,NA,NA,NA,NA,NA,NA,NA,NA,NA,NA,NA,NA,0.685203666,NA,NA,NA,NA,NA
stu_ZYRUR98990,NA,NA,NA,NA,NA,NA,NA,NA,NA,NA,NA,NA,0,NA,NA,NA,NA,NA
stu_IAGCB52171,NA,NA,NA,NA,NA,NA,NA,NA,NA,NA,NA,NA,NA,0.702250447,NA,NA,NA,NA
stu_IPAIN96602,NA,NA,NA,NA,NA,NA,NA,NA,NA,NA,NA,NA,NA,0.275417943,NA,NA,NA,NA
stu_KFIHW23982,NA,NA,NA,NA,NA,NA,NA,NA,NA,NA,NA,NA,NA,0.72913474,NA,NA,NA,NA
stu_KYDPW84294,NA,NA,NA,NA,NA,NA,NA,NA,NA,NA,NA,NA,NA,0.284400438,NA,NA,NA,NA